z,i,p,_,c,o,d,e,",",d,i,s,t,a,n,c,e,",",c,i,t,y,",",s,t,a,t,e
4,4,2,8,6,",",1,9,.,9,0,7,",","""",R,i,c,h,f,i,e,l,d,"""",",","""",O,H,""""
4,4,2,3,3,",",1,8,.,9,8,2,",","""",H,i,n,c,k,l,e,y,"""",",","""",O,H,""""
4,4,1,4,1,",",1,5,.,5,6,1,",","""",B,r,e,c,k,s,v,i,l,l,e,"""",",","""",O,H,""""
4,4,1,3,6,",",1,5,.,9,8,8,",","""",S,t,r,o,n,g,s,v,i,l,l,e,"""",",","""",O,H,""""
4,4,0,8,7,",",1,8,.,9,3,3,",","""",T,w,i,n,s,b,u,r,g,"""",",","""",O,H,""""
4,4,1,3,3,",",1,4,.,6,8,",","""",N,o,r,t,h, ,R,o,y,a,l,t,o,n,"""",",","""",O,H,""""
4,4,0,5,6,",",1,6,.,8,7,3,",","""",M,a,c,e,d,o,n,i,a,"""",",","""",O,H,""""
4,4,1,4,9,",",1,6,.,8,6,1,",","""",S,t,r,o,n,g,s,v,i,l,l,e,"""",",","""",O,H,""""
4,4,0,6,7,",",1,5,.,7,3,2,",","""",N,o,r,t,h,f,i,e,l,d,"""",",","""",O,H,""""
4,4,1,4,7,",",1,3,.,9,5,5,",","""",B,r,o,a,d,v,i,e,w, ,H,e,i,g,h,t,s,"""",",","""",O,H,""""
4,4,0,1,7,",",1,4,.,0,5,6,",","""",B,e,r,e,a,"""",",","""",O,H,""""
4,4,1,3,8,",",1,6,.,2,4,1,",","""",O,l,m,s,t,e,d, ,F,a,l,l,s,"""",",","""",O,H,""""
4,4,1,3,0,",",1,1,.,4,1,8,",","""",C,l,e,v,e,l,a,n,d,"""",",","""",O,H,""""
4,4,1,3,4,",",9,.,7,2,",","""",C,l,e,v,e,l,a,n,d,"""",",","""",O,H,""""
4,4,1,4,6,",",1,2,.,3,1,3,",","""",B,e,d,f,o,r,d,"""",",","""",O,H,""""
4,4,1,3,1,",",9,.,5,9,6,",","""",I,n,d,e,p,e,n,d,e,n,c,e,"""",",","""",O,H,""""
4,4,1,3,9,",",1,5,.,3,6,2,",","""",S,o,l,o,n,"""",",","""",O,H,""""
4,4,1,2,9,",",9,.,4,3,7,",","""",C,l,e,v,e,l,a,n,d,"""",",","""",O,H,""""
4,4,1,4,2,",",1,1,.,6,1,5,",","""",B,r,o,o,k,p,a,r,k,"""",",","""",O,H,""""
4,4,1,2,5,",",8,.,6,7,",","""",C,l,e,v,e,l,a,n,d,"""",",","""",O,H,""""
4,4,1,3,7,",",9,.,7,2,2,",","""",M,a,p,l,e, ,H,e,i,g,h,t,s,"""",",","""",O,H,""""
4,4,0,7,0,",",1,4,.,4,4,6,",","""",N,o,r,t,h, ,O,l,m,s,t,e,d,"""",",","""",O,H,""""
4,4,1,3,5,",",9,.,7,8,7,",","""",C,l,e,v,e,l,a,n,d,"""",",","""",O,H,""""
4,4,1,4,4,",",6,.,5,6,",","""",C,l,e,v,e,l,a,n,d,"""",",","""",O,H,""""
4,4,1,2,8,",",9,.,0,9,4,",","""",C,l,e,v,e,l,a,n,d,"""",",","""",O,H,""""
4,4,1,2,6,",",1,0,.,5,4,3,",","""",C,l,e,v,e,l,a,n,d,"""",",","""",O,H,""""
4,4,0,1,1,",",1,7,.,7,1,1,",","""",A,v,o,n,"""",",","""",O,H,""""
4,4,0,2,2,",",1,5,.,1,2,2,",","""",C,h,a,g,r,i,n, ,F,a,l,l,s,"""",",","""",O,H,""""
4,4,1,0,9,",",5,.,0,8,1,",","""",C,l,e,v,e,l,a,n,d,"""",",","""",O,H,""""
4,4,1,0,5,",",5,.,4,6,7,",","""",C,l,e,v,e,l,a,n,d,"""",",","""",O,H,""""
4,4,1,4,5,",",1,3,.,9,3,1,",","""",W,e,s,t,l,a,k,e,"""",",","""",O,H,""""
4,4,1,1,1,",",7,.,1,4,4,",","""",C,l,e,v,e,l,a,n,d,"""",",","""",O,H,""""
4,4,1,2,2,",",9,.,2,5,6,",","""",B,e,a,c,h,w,o,o,d,"""",",","""",O,H,""""
4,4,1,8,1,",",3,.,4,8,9,",","""",C,l,e,v,e,l,a,n,d,"""",",","""",O,H,""""
4,4,1,8,8,",",3,.,4,8,9,",","""",C,l,e,v,e,l,a,n,d,"""",",","""",O,H,""""
4,4,1,9,0,",",3,.,4,8,9,",","""",C,l,e,v,e,l,a,n,d,"""",",","""",O,H,""""
4,4,1,9,1,",",3,.,4,8,9,",","""",C,l,e,v,e,l,a,n,d,"""",",","""",O,H,""""
4,4,1,9,2,",",3,.,4,8,9,",","""",C,l,e,v,e,l,a,n,d,"""",",","""",O,H,""""
4,4,1,9,3,",",3,.,4,8,9,",","""",C,l,e,v,e,l,a,n,d,"""",",","""",O,H,""""
4,4,1,9,4,",",3,.,4,8,9,",","""",C,l,e,v,e,l,a,n,d,"""",",","""",O,H,""""
4,4,1,9,5,",",3,.,4,8,9,",","""",C,l,e,v,e,l,a,n,d,"""",",","""",O,H,""""
4,4,1,9,7,",",3,.,4,8,9,",","""",C,l,e,v,e,l,a,n,d,"""",",","""",O,H,""""
4,4,1,9,8,",",3,.,4,8,9,",","""",C,l,e,v,e,l,a,n,d,"""",",","""",O,H,""""
4,4,1,9,9,",",3,.,4,8,9,",","""",C,l,e,v,e,l,a,n,d,"""",",","""",O,H,""""
4,4,0,7,3,",",1,8,.,8,5,3,",","""",N,o,v,e,l,t,y,"""",",","""",O,H,""""
4,4,0,7,2,",",1,8,.,5,7,6,",","""",N,o,v,e,l,t,y,"""",",","""",O,H,""""
4,4,1,2,7,",",3,.,6,0,6,",","""",C,l,e,v,e,l,a,n,d,"""",",","""",O,H,""""
4,4,1,1,6,",",9,.,6,6,6,",","""",R,o,c,k,y, ,R,i,v,e,r,"""",",","""",O,H,""""
4,4,1,2,0,",",5,.,9,9,1,",","""",C,l,e,v,e,l,a,n,d,"""",",","""",O,H,""""
4,4,1,0,2,",",4,.,2,9,6,",","""",C,l,e,v,e,l,a,n,d,"""",",","""",O,H,""""
4,4,1,0,4,",",3,.,7,1,9,",","""",C,l,e,v,e,l,a,n,d,"""",",","""",O,H,""""
4,4,1,0,7,",",6,.,8,9,8,",","""",L,a,k,e,w,o,o,d,"""",",","""",O,H,""""
4,4,1,1,3,",",2,.,7,3,1,",","""",C,l,e,v,e,l,a,n,d,"""",",","""",O,H,""""
4,4,1,4,0,",",1,3,.,2,9,3,",","""",B,a,y, ,V,i,l,l,a,g,e,"""",",","""",O,H,""""
4,4,1,0,1,",",2,.,1,9,9,",","""",C,l,e,v,e,l,a,n,d,"""",",","""",O,H,""""
4,4,1,7,8,",",2,.,1,7,3,",","""",C,l,e,v,e,l,a,n,d,"""",",","""",O,H,""""
4,4,1,8,5,",",2,.,1,2,3,",","""",C,l,e,v,e,l,a,n,d,"""",",","""",O,H,""""
4,4,1,8,9,",",2,.,1,2,3,",","""",C,l,e,v,e,l,a,n,d,"""",",","""",O,H,""""
4,4,1,1,5,",",1,.,8,7,1,",","""",C,l,e,v,e,l,a,n,d,"""",",","""",O,H,""""
4,4,0,1,2,",",1,7,.,6,1,4,",","""",A,v,o,n, ,L,a,k,e,"""",",","""",O,H,""""
4,4,1,2,4,",",1,1,.,1,1,5,",","""",C,l,e,v,e,l,a,n,d,"""",",","""",O,H,""""
4,4,1,1,8,",",6,.,4,0,4,",","""",C,l,e,v,e,l,a,n,d,"""",",","""",O,H,""""
4,4,1,0,6,",",3,.,9,0,1,",","""",C,l,e,v,e,l,a,n,d,"""",",","""",O,H,""""
4,4,1,0,3,",",1,.,8,6,8,",","""",C,l,e,v,e,l,a,n,d,"""",",","""",O,H,""""
4,4,1,1,4,",",0,",","""",C,l,e,v,e,l,a,n,d,"""",",","""",O,H,""""
4,4,1,2,1,",",7,.,5,7,1,",","""",C,l,e,v,e,l,a,n,d,"""",",","""",O,H,""""
4,4,0,2,6,",",1,8,.,2,9,5,",","""",C,h,e,s,t,e,r,l,a,n,d,"""",",","""",O,H,""""
4,4,0,4,0,",",1,3,.,8,5,2,",","""",G,a,t,e,s, ,M,i,l,l,s,"""",",","""",O,H,""""
4,4,1,1,2,",",5,.,4,7,3,",","""",C,l,e,v,e,l,a,n,d,"""",",","""",O,H,""""
4,4,1,0,8,",",4,.,0,2,3,",","""",C,l,e,v,e,l,a,n,d,"""",",","""",O,H,""""
4,4,1,4,3,",",1,0,.,6,5,3,",","""",C,l,e,v,e,l,a,n,d,"""",",","""",O,H,""""
4,4,1,1,0,",",6,.,7,8,1,",","""",C,l,e,v,e,l,a,n,d,"""",",","""",O,H,""""
4,4,1,1,7,",",8,.,7,0,8,",","""",E,u,c,l,i,d,"""",",","""",O,H,""""
4,4,1,1,9,",",8,.,2,7,6,",","""",C,l,e,v,e,l,a,n,d,"""",",","""",O,H,""""
4,4,0,9,2,",",1,2,.,1,3,5,",","""",W,i,c,k,l,i,f,f,e,"""",",","""",O,H,""""
4,4,1,2,3,",",9,.,8,8,1,",","""",E,u,c,l,i,d,"""",",","""",O,H,""""
4,4,1,3,2,",",1,1,.,0,9,7,",","""",E,u,c,l,i,d,"""",",","""",O,H,""""
4,4,0,9,4,",",1,6,.,6,5,3,",","""",W,i,l,l,o,u,g,h,b,y,"""",",","""",O,H,""""
4,4,0,9,6,",",1,6,.,5,7,9,",","""",W,i,l,l,o,u,g,h,b,y,"""",",","""",O,H,""""
4,4,0,9,7,",",1,5,.,6,5,",","""",E,a,s,t,l,a,k,e,"""",",","""",O,H,""""
4,4,0,9,5,",",1,5,.,2,3,9,",","""",E,a,s,t,l,a,k,e,"""",",","""",O,H,""""

